pos_x,pos_y,rotation,side,designator,mpn,pack,footprint,value,mount_type
153.0,-23.35,0.0,top,A1,,,RaspberryPi_Pico_Common_THT,RaspberryPi_Pico,tht
47.0,-43.47,90.0,bottom,D1,,,D_DO-35_SOD27_P7.62mm_Horizontal,D,tht
66.05,-81.57,90.0,bottom,D10,,,D_DO-35_SOD27_P7.62mm_Horizontal,D,tht
85.1,-81.57,90.0,bottom,D11,,,D_DO-35_SOD27_P7.62mm_Horizontal,D,tht
104.15,-81.57,90.0,bottom,D12,,,D_DO-35_SOD27_P7.62mm_Horizontal,D,tht
47.0,-100.62,90.0,bottom,D13,,,D_DO-35_SOD27_P7.62mm_Horizontal,D,tht
66.05,-100.62,90.0,bottom,D14,,,D_DO-35_SOD27_P7.62mm_Horizontal,D,tht
85.1,-100.62,90.0,bottom,D15,,,D_DO-35_SOD27_P7.62mm_Horizontal,D,tht
104.15,-100.62,90.0,bottom,D16,,,D_DO-35_SOD27_P7.62mm_Horizontal,D,tht
66.05,-43.47,90.0,bottom,D2,,,D_DO-35_SOD27_P7.62mm_Horizontal,D,tht
85.1,-43.47,90.0,bottom,D3,,,D_DO-35_SOD27_P7.62mm_Horizontal,D,tht
104.15,-43.47,90.0,bottom,D4,,,D_DO-35_SOD27_P7.62mm_Horizontal,D,tht
47.0,-62.52,90.0,bottom,D5,,,D_DO-35_SOD27_P7.62mm_Horizontal,D,tht
66.05,-62.52,90.0,bottom,D6,,,D_DO-35_SOD27_P7.62mm_Horizontal,D,tht
85.1,-62.52,90.0,bottom,D7,,,D_DO-35_SOD27_P7.62mm_Horizontal,D,tht
104.15,-62.52,90.0,bottom,D8,,,D_DO-35_SOD27_P7.62mm_Horizontal,D,tht
47.0,-81.57,90.0,bottom,D9,,,D_DO-35_SOD27_P7.62mm_Horizontal,D,tht
120.5,-77.75,0.0,top,SW1,,,RotaryEncoder_Alps_EC11E-Switch_Vertical_H20mm,RotaryEncoder_Switch_MP,tht
76.2,-57.15,0.0,top,SW10,,,SW_Hotswap_Kailh_MX_1.00u,SW_Push_45deg,smt
95.25,-57.15,0.0,top,SW11,,,SW_Hotswap_Kailh_MX_1.00u,SW_Push_45deg,smt
38.1,-76.2,0.0,top,SW12,,,SW_Hotswap_Kailh_MX_1.00u,SW_Push_45deg,smt
57.15,-76.2,0.0,top,SW13,,,SW_Hotswap_Kailh_MX_1.00u,SW_Push_45deg,smt
76.2,-76.2,0.0,top,SW14,,,SW_Hotswap_Kailh_MX_1.00u,SW_Push_45deg,smt
95.25,-76.2,0.0,top,SW15,,,SW_Hotswap_Kailh_MX_1.00u,SW_Push_45deg,smt
38.1,-95.25,0.0,top,SW16,,,SW_Hotswap_Kailh_MX_1.00u,SW_Push_45deg,smt
57.15,-95.25,0.0,top,SW17,,,SW_Hotswap_Kailh_MX_1.00u,SW_Push_45deg,smt
76.2,-95.25,0.0,top,SW18,,,SW_Hotswap_Kailh_MX_1.00u,SW_Push_45deg,smt
95.25,-95.25,0.0,top,SW19,,,SW_Hotswap_Kailh_MX_1.00u,SW_Push_45deg,smt
110.0,-50.372,0.0,top,SW2,,,RotaryEncoder_Alps_EC11E-Switch_Vertical_H20mm,RotaryEncoder_Switch_MP,tht
131.0,-50.372,0.0,top,SW3,,,RotaryEncoder_Alps_EC11E-Switch_Vertical_H20mm,RotaryEncoder_Switch_MP,tht
38.1,-38.1,0.0,top,SW4,,,SW_Hotswap_Kailh_MX_1.00u,SW_Push_45deg,smt
57.15,-38.1,0.0,top,SW5,,,SW_Hotswap_Kailh_MX_1.00u,SW_Push_45deg,smt
76.2,-38.1,0.0,top,SW6,,,SW_Hotswap_Kailh_MX_1.00u,SW_Push_45deg,smt
95.25,-38.1,0.0,top,SW7,,,SW_Hotswap_Kailh_MX_1.00u,SW_Push_45deg,smt
38.1,-57.15,0.0,top,SW8,,,SW_Hotswap_Kailh_MX_1.00u,SW_Push_45deg,smt
57.15,-57.15,0.0,top,SW9,,,SW_Hotswap_Kailh_MX_1.00u,SW_Push_45deg,smt
110.25,-38.37,90.0,top,U2,,,ER_OLEDM0.91_1x-I2C,ER_OLEDM0.91_1x-I2C,tht
